silo,original,new_basename,orig_dimensions,web_dimensions,orig_KB,webp_KB,jpg_KB,public_path
actor-headshots,083A0187_pp.JPG,actor-headshots-sydney-01,3360x5040,1333x2000,440,118,255,/images/actor-headshots/actor-headshots-sydney-01.webp
actor-headshots,083A0277.jpg,actor-headshots-sydney-02,3299x4953,1332x2000,450,144,301,/images/actor-headshots/actor-headshots-sydney-02.webp
actor-headshots,083A0387.jpg,actor-headshots-sydney-03,3360x4200,1600x2000,198,72,186,/images/actor-headshots/actor-headshots-sydney-03.webp
actor-headshots,083A0872.jpg,actor-headshots-sydney-04,3360x3360,2000x2000,3395,95,268,/images/actor-headshots/actor-headshots-sydney-04.webp
actor-headshots,083A8276.jpg,actor-headshots-sydney-05,5717x3417,2000x1195,612,168,321,/images/actor-headshots/actor-headshots-sydney-05.webp
actor-headshots,reflect.jpg,actor-headshots-sydney-06,1000x1357,1000x1357,75,73,97,/images/actor-headshots/actor-headshots-sydney-06.webp
corporate-headshots,083A3769.jpg,corporate-headshot-sydney-01,2000x3000,1333x2000,793,188,335,/images/corporate-headshots/corporate-headshot-sydney-01.webp
corporate-headshots,083A9984.jpg,corporate-headshot-sydney-02,3482x3482,2000x2000,714,236,483,/images/corporate-headshots/corporate-headshot-sydney-02.webp
corporate-headshots,6S4A2900.jpg,corporate-headshot-sydney-03,7974x5319,2000x1334,951,125,220,/images/corporate-headshots/corporate-headshot-sydney-03.webp
corporate-headshots,Business portrait.jpg,corporate-headshot-sydney-04,1200x1799,1200x1799,732,50,101,/images/corporate-headshots/corporate-headshot-sydney-04.webp
corporate-headshots,Corporate head shots (1).jpg,corporate-headshot-sydney-05,5282x5282,2000x2000,1892,127,303,/images/corporate-headshots/corporate-headshot-sydney-05.webp
corporate-headshots,Corporate head shots (2).jpg,corporate-headshot-sydney-06,5000x3750,2000x1500,7842,132,299,/images/corporate-headshots/corporate-headshot-sydney-06.webp
corporate-headshots,IMGS9774.jpg,corporate-headshot-sydney-07,2862x1908,2000x1333,579,55,131,/images/corporate-headshots/corporate-headshot-sydney-07.webp
corporate-headshots,IMGS9806.jpg,corporate-headshot-sydney-08,7200x4800,2000x1333,966,86,174,/images/corporate-headshots/corporate-headshot-sydney-08.webp
corporate-headshots,IMGS9830.jpg,corporate-headshot-sydney-09,7200x4801,2000x1334,997,102,172,/images/corporate-headshots/corporate-headshot-sydney-09.webp
corporate-headshots,IMGS9835.jpg,corporate-headshot-sydney-10,7200x4800,2000x1333,997,93,175,/images/corporate-headshots/corporate-headshot-sydney-10.webp
corporate-headshots,IMGS9839.jpg,corporate-headshot-sydney-11,7200x4800,2000x1333,949,85,160,/images/corporate-headshots/corporate-headshot-sydney-11.webp
corporate-headshots,IMGS9841.jpg,corporate-headshot-sydney-12,7200x4800,2000x1333,996,107,204,/images/corporate-headshots/corporate-headshot-sydney-12.webp
corporate-headshots,IMGS9846.jpg,corporate-headshot-sydney-13,7200x4801,2000x1334,979,76,150,/images/corporate-headshots/corporate-headshot-sydney-13.webp
corporate-headshots,Jake Vale.jpg,corporate-headshot-sydney-14,5091x3394,2000x1333,900,55,115,/images/corporate-headshots/corporate-headshot-sydney-14.webp
corporate-headshots,Jimmy Milby.jpg,corporate-headshot-sydney-15,5643x3762,2000x1333,1109,62,119,/images/corporate-headshots/corporate-headshot-sydney-15.webp
corporate-headshots,Portraits (1).jpg,corporate-headshot-sydney-16,6712x4477,2000x1334,1251,45,109,/images/corporate-headshots/corporate-headshot-sydney-16.webp
corporate-headshots,Sheet_0022.jpg,corporate-headshot-sydney-17,944x961,944x961,389,55,101,/images/corporate-headshots/corporate-headshot-sydney-17.webp
corporate-headshots,Sydney photographer (1).jpg,corporate-headshot-sydney-18,5259x3506,2000x1333,2195,129,206,/images/corporate-headshots/corporate-headshot-sydney-18.webp
corporate-headshots,Sydney photographer (2).jpg,corporate-headshot-sydney-19,5104x3403,2000x1333,973,69,129,/images/corporate-headshots/corporate-headshot-sydney-19.webp
corporate-headshots,Sydney photographer (3).jpg,corporate-headshot-sydney-20,3510x5262,1334x2000,235,51,146,/images/corporate-headshots/corporate-headshot-sydney-20.webp
corporate-headshots,Sydney photographer (4).jpg,corporate-headshot-sydney-21,5087x3391,2000x1333,767,58,113,/images/corporate-headshots/corporate-headshot-sydney-21.webp
corporate-headshots,Tony Bond.jpg,corporate-headshot-sydney-22,5604x3736,2000x1333,576,124,167,/images/corporate-headshots/corporate-headshot-sydney-22.webp
corporate-headshots,_S4A0163.jpg,corporate-headshot-sydney-23,5126x7685,1334x2000,977,88,159,/images/corporate-headshots/corporate-headshot-sydney-23.webp
corporate-headshots,_S4A01632.jpg,corporate-headshot-sydney-24,4380x2921,2000x1334,471,167,248,/images/corporate-headshots/corporate-headshot-sydney-24.webp
corporate-headshots,_S4A0329.jpg,corporate-headshot-sydney-25,8917x5948,2000x1334,993,115,215,/images/corporate-headshots/corporate-headshot-sydney-25.webp
corporate-headshots,_S4A0377.jpg,corporate-headshot-sydney-26,7678x5121,2000x1334,988,207,313,/images/corporate-headshots/corporate-headshot-sydney-26.webp
corporate-headshots,_S4A1408.jpg,corporate-headshot-sydney-27,9429x4090,2000x868,3954,120,202,/images/corporate-headshots/corporate-headshot-sydney-27.webp
corporate-headshots,_S4A1709.jpg,corporate-headshot-sydney-28,7088x4728,2000x1334,998,75,143,/images/corporate-headshots/corporate-headshot-sydney-28.webp
corporate-headshots,_S4A1733.jpg,corporate-headshot-sydney-29,5834x3892,2000x1334,992,84,144,/images/corporate-headshots/corporate-headshot-sydney-29.webp
corporate-headshots,_S4A1737.jpg,corporate-headshot-sydney-30,7773x5185,2000x1334,997,91,157,/images/corporate-headshots/corporate-headshot-sydney-30.webp
corporate-headshots,_S4A1773.jpg,corporate-headshot-sydney-31,7381x4923,2000x1334,651,84,170,/images/corporate-headshots/corporate-headshot-sydney-31.webp
corporate-headshots,_S4A3074.jpg,corporate-headshot-sydney-32,5892x3930,2000x1334,376,64,128,/images/corporate-headshots/corporate-headshot-sydney-32.webp
corporate-headshots,_S4A3339.jpg,corporate-headshot-sydney-33,7200x4803,2000x1334,996,239,289,/images/corporate-headshots/corporate-headshot-sydney-33.webp
corporate-headshots,_S4A3464.jpg,corporate-headshot-sydney-34,5464x5464,2000x2000,1035,257,392,/images/corporate-headshots/corporate-headshot-sydney-34.webp
corporate-headshots,_S4A3773.jpg,corporate-headshot-sydney-35,6540x5464,2000x1671,2035,417,589,/images/corporate-headshots/corporate-headshot-sydney-35.webp
corporate-headshots,_S4A3937.jpg,corporate-headshot-sydney-36,6431x4290,2000x1334,1107,227,322,/images/corporate-headshots/corporate-headshot-sydney-36.webp
corporate-headshots,_S4A3940.jpg,corporate-headshot-sydney-37,6894x4598,2000x1334,955,61,119,/images/corporate-headshots/corporate-headshot-sydney-37.webp
corporate-headshots,_S4A4130.jpg,corporate-headshot-sydney-38,4244x6363,1334x2000,1501,57,154,/images/corporate-headshots/corporate-headshot-sydney-38.webp
corporate-headshots,_S4A4453.jpg,corporate-headshot-sydney-39,5464x8192,1334x2000,3662,175,328,/images/corporate-headshots/corporate-headshot-sydney-39.webp
corporate-headshots,_S4A5195.jpg,corporate-headshot-sydney-40,7117x4747,2000x1334,1666,70,125,/images/corporate-headshots/corporate-headshot-sydney-40.webp
corporate-headshots,_S4A5515.jpg,corporate-headshot-sydney-41,8173x5452,2000x1334,2802,101,156,/images/corporate-headshots/corporate-headshot-sydney-41.webp
corporate-headshots,_S4A5611.2.jpg,corporate-headshot-sydney-42,7982x5123,2000x1284,3483,174,254,/images/corporate-headshots/corporate-headshot-sydney-42.webp
corporate-headshots,_S4A6243.jpg,corporate-headshot-sydney-43,7383x4924,2000x1334,781,87,218,/images/corporate-headshots/corporate-headshot-sydney-43.webp
corporate-headshots,_S4A7703.jpg,corporate-headshot-sydney-44,4898x3268,2000x1334,915,245,414,/images/corporate-headshots/corporate-headshot-sydney-44.webp
corporate-headshots,_S4A8547.jpg,corporate-headshot-sydney-45,4840x7257,1334x2000,962,64,143,/images/corporate-headshots/corporate-headshot-sydney-45.webp
corporate-headshots,_S4A8556.jpg,corporate-headshot-sydney-46,3875x5809,1334x2000,1014,58,130,/images/corporate-headshots/corporate-headshot-sydney-46.webp
corporate-headshots,_S4A8826.jpg,corporate-headshot-sydney-47,5219x7938,1315x2000,6497,111,246,/images/corporate-headshots/corporate-headshot-sydney-47.webp
corporate-headshots,_S4A9950.jpg,corporate-headshot-sydney-48,7200x7200,2000x2000,1813,338,580,/images/corporate-headshots/corporate-headshot-sydney-48.webp
corporate-headshots,camera shot.jpg,corporate-headshot-sydney-49,2108x2871,1468x2000,357,114,253,/images/corporate-headshots/corporate-headshot-sydney-49.webp
family,6S4A3941.jpg,family-portrait-sydney-01,1000x793,1000x793,973,136,170,/images/family/family-portrait-sydney-01.webp
family,Boys to print.jpg,family-portrait-sydney-02,14400x6233,2000x866,19249,186,278,/images/family/family-portrait-sydney-02.webp
family,_S4A0055.jpg,family-portrait-sydney-03,3274x3274,2000x2000,999,345,593,/images/family/family-portrait-sydney-03.webp
family,_S4A0138.jpg,family-portrait-sydney-04,4821x3214,2000x1333,981,261,428,/images/family/family-portrait-sydney-04.webp
family,_S4A0173.jpg,family-portrait-sydney-05,4696x3131,2000x1333,988,233,390,/images/family/family-portrait-sydney-05.webp
family,_S4A1988.jpg,family-portrait-sydney-06,5480x8076,1357x2000,2593,389,500,/images/family/family-portrait-sydney-06.webp
family,_S4A1999.jpg,family-portrait-sydney-07,5744x3831,2000x1334,987,262,434,/images/family/family-portrait-sydney-07.webp
family,_S4A2174.jpg,family-portrait-sydney-08,7200x7200,2000x2000,992,223,429,/images/family/family-portrait-sydney-08.webp
family,_S4A2309.jpg,family-portrait-sydney-09,3639x5455,1334x2000,986,380,486,/images/family/family-portrait-sydney-09.webp
family,_S4A2509.jpg,family-portrait-sydney-10,2586x2586,2000x2000,913,216,440,/images/family/family-portrait-sydney-10.webp
family,_S4A2766.jpg,family-portrait-sydney-11,7453x4971,2000x1334,967,137,256,/images/family/family-portrait-sydney-11.webp
family,_S4A3251.jpg,family-portrait-sydney-12,7204x10800,1334x2000,956,261,426,/images/family/family-portrait-sydney-12.webp
family,_S4A3486.jpg,family-portrait-sydney-13,6440x4295,2000x1334,988,205,369,/images/family/family-portrait-sydney-13.webp
family,_S4A3850.jpg,family-portrait-sydney-14,6012x4009,2000x1334,3446,239,380,/images/family/family-portrait-sydney-14.webp
family,_S4A4212.jpg,family-portrait-sydney-15,5464x8192,1334x2000,1531,87,165,/images/family/family-portrait-sydney-15.webp
family,_S4A4250.jpg,family-portrait-sydney-16,4586x6876,1334x2000,1650,143,227,/images/family/family-portrait-sydney-16.webp
family,_S4A8606.jpg,family-portrait-sydney-17,5870x3915,2000x1334,987,380,527,/images/family/family-portrait-sydney-17.webp
family,girl 3 pdf.jpg,family-portrait-sydney-18,15643x11064,2000x1415,5023,422,557,/images/family/family-portrait-sydney-18.webp
model-portfolios,083A0046.jpg,model-portfolio-sydney-01,2900x3681,1576x2000,643,19,58,/images/model-portfolios/model-portfolio-sydney-01.webp
model-portfolios,083A1155.jpg,model-portfolio-sydney-02,2000x1797,2000x1797,1137,85,219,/images/model-portfolios/model-portfolio-sydney-02.webp
model-portfolios,083A1359.jpg,model-portfolio-sydney-03,3360x3360,2000x2000,520,40,106,/images/model-portfolios/model-portfolio-sydney-03.webp
model-portfolios,083A4110.jpg,model-portfolio-sydney-04,1951x1951,1951x1951,261,135,259,/images/model-portfolios/model-portfolio-sydney-04.webp
model-portfolios,083A5007.jpg,model-portfolio-sydney-05,2000x2000,2000x2000,408,149,317,/images/model-portfolios/model-portfolio-sydney-05.webp
model-portfolios,083A5251.jpg,model-portfolio-sydney-06,2000x2754,1452x2000,1257,450,579,/images/model-portfolios/model-portfolio-sydney-06.webp
model-portfolios,083A8822.jpg,model-portfolio-sydney-07,4502x6744,1335x2000,2109,288,426,/images/model-portfolios/model-portfolio-sydney-07.webp
model-portfolios,083A9060.jpg,model-portfolio-sydney-08,4502x6744,1335x2000,4675,505,614,/images/model-portfolios/model-portfolio-sydney-08.webp
model-portfolios,2.jpg,model-portfolio-sydney-09,4766x6240,1528x2000,1123,147,326,/images/model-portfolios/model-portfolio-sydney-09.webp
model-portfolios,Acting portfolios.jpg,model-portfolio-sydney-10,5464x5464,2000x2000,7101,296,508,/images/model-portfolios/model-portfolio-sydney-10.webp
model-portfolios,_S4A3711.jpg,model-portfolio-sydney-11,3161x3134,2000x1983,995,294,518,/images/model-portfolios/model-portfolio-sydney-11.webp
model-portfolios,_S4A4223_pp.JPG,model-portfolio-sydney-12,8192x5464,2000x1334,5512,127,287,/images/model-portfolios/model-portfolio-sydney-12.webp
model-portfolios,_S4A8800.jpg,model-portfolio-sydney-13,4242x2829,2000x1334,985,72,162,/images/model-portfolios/model-portfolio-sydney-13.webp
model-portfolios,_S4A8825.jpg,model-portfolio-sydney-14,5060x7595,1332x2000,4985,87,207,/images/model-portfolios/model-portfolio-sydney-14.webp
model-portfolios,nickbrandphotography Mad Hatter Moody shoot (23).jpg,model-portfolio-sydney-15,4502x5326,1691x2000,1006,108,237,/images/model-portfolios/model-portfolio-sydney-15.webp
model-portfolios,nickbrandphotography Mad Hatter Moody shoot (25).jpg,model-portfolio-sydney-16,4502x6744,1335x2000,2105,152,256,/images/model-portfolios/model-portfolio-sydney-16.webp
model-portfolios,nickbrandphotography Mad Hatter Moody shoot (36).jpg,model-portfolio-sydney-17,4352x4352,2000x2000,1078,203,323,/images/model-portfolios/model-portfolio-sydney-17.webp
model-portfolios,nickbrandphotography Mad Hatter Moody shoot (44).jpg,model-portfolio-sydney-18,4502x5303,1698x2000,2176,303,478,/images/model-portfolios/model-portfolio-sydney-18.webp
model-portfolios,nickbrandphotography Mad Hatter Moody shoot (50).jpg,model-portfolio-sydney-19,4502x6744,1335x2000,1604,151,286,/images/model-portfolios/model-portfolio-sydney-19.webp
model-portfolios,"nikkib fashion, sarong&s_pp.jpg",model-portfolio-sydney-20,2363x3258,1451x2000,3534,106,249,/images/model-portfolios/model-portfolio-sydney-20.webp
musician-portraits,6S4A1654.jpg,musician-portrait-sydney-01,2784x4176,1333x2000,269,98,220,/images/musician-portraits/musician-portrait-sydney-01.webp
musician-portraits,6S4A2116.jpg,musician-portrait-sydney-02,2784x4176,1333x2000,2736,89,194,/images/musician-portraits/musician-portrait-sydney-02.webp
musician-portraits,IMG_0042.jpg,musician-portrait-sydney-03,2470x2470,2000x2000,2493,119,274,/images/musician-portraits/musician-portrait-sydney-03.webp
musician-portraits,IMG_0056_1bg.jpg,musician-portrait-sydney-04,2607x3310,1575x2000,6036,157,298,/images/musician-portraits/musician-portrait-sydney-04.webp
musician-portraits,IMG_0679.jpg,musician-portrait-sydney-05,1653x2480,1333x2000,190,178,356,/images/musician-portraits/musician-portrait-sydney-05.webp
musician-portraits,IMG_1392.jpg,musician-portrait-sydney-06,2000x2609,1533x2000,1047,259,446,/images/musician-portraits/musician-portrait-sydney-06.webp
musician-portraits,IMG_1724.jpg,musician-portrait-sydney-07,2000x2717,1472x2000,566,125,254,/images/musician-portraits/musician-portrait-sydney-07.webp
musician-portraits,IMG_8439_pp edit.jpg,musician-portrait-sydney-08,2000x1920,2000x1920,3517,174,393,/images/musician-portraits/musician-portrait-sydney-08.webp
musician-portraits,NBPH (13).jpg,musician-portrait-sydney-09,2000x2760,1449x2000,698,152,301,/images/musician-portraits/musician-portrait-sydney-09.webp
musician-portraits,NBPH (3).jpg,musician-portrait-sydney-10,2000x3003,1332x2000,465,75,162,/images/musician-portraits/musician-portrait-sydney-10.webp
personal-branding,_S4A4203.jpg,personal-branding-photography-sydney-01,5025x7533,1334x2000,3448,167,316,/images/personal-branding/personal-branding-photography-sydney-01.webp
personal-branding,_S4A4219.jpg,personal-branding-photography-sydney-02,4976x7460,1334x2000,2547,71,182,/images/personal-branding/personal-branding-photography-sydney-02.webp
singer-portraits,083A8578.jpg,singer-portrait-sydney-01,4050x4050,2000x2000,3889,238,396,/images/singer-portraits/singer-portrait-sydney-01.webp
singer-portraits,3.jpg,singer-portrait-sydney-02,5464x8192,1334x2000,580,67,152,/images/singer-portraits/singer-portrait-sydney-02.webp
singer-portraits,IMG_0006_1.jpg,singer-portrait-sydney-03,2784x2784,2000x2000,4120,175,342,/images/singer-portraits/singer-portrait-sydney-03.webp
singer-portraits,IMG_9392.jpg,singer-portrait-sydney-04,2000x3003,1332x2000,887,148,311,/images/singer-portraits/singer-portrait-sydney-04.webp
singer-portraits,NBPH (16).jpg,singer-portrait-sydney-05,2000x1465,2000x1465,320,97,217,/images/singer-portraits/singer-portrait-sydney-05.webp
singer-portraits,Nick Brand Photography Priest shoot 4.9 (175)_pp.jpg,singer-portrait-sydney-06,2579x3868,1334x2000,3512,61,149,/images/singer-portraits/singer-portrait-sydney-06.webp
singer-portraits,Nick Brand Photography Priest shoot 4.9 (84).jpg,singer-portrait-sydney-07,2634x3951,1333x2000,2935,123,189,/images/singer-portraits/singer-portrait-sydney-07.webp
singer-portraits,Nick Brand Photography Priest shoot 4.9 (86).jpg,singer-portrait-sydney-08,2784x3545,1571x2000,1427,58,144,/images/singer-portraits/singer-portrait-sydney-08.webp
singer-portraits,Nick Brand Photography Priest shoot.jpg,singer-portrait-sydney-09,2449x2449,2000x2000,324,46,144,/images/singer-portraits/singer-portrait-sydney-09.webp
singer-portraits,_S4A0059.jpg,singer-portrait-sydney-10,2784x4176,1333x2000,977,159,278,/images/singer-portraits/singer-portrait-sydney-10.webp
singer-portraits,_S4A2073.jpg,singer-portrait-sydney-11,4824x4824,2000x2000,1179,448,683,/images/singer-portraits/singer-portrait-sydney-11.webp
singer-portraits,_S4A4046.jpg,singer-portrait-sydney-12,8216x5480,2000x1334,889,180,316,/images/singer-portraits/singer-portrait-sydney-12.webp
singer-portraits,_S4A4532.jpg,singer-portrait-sydney-13,8216x5480,2000x1334,2459,404,525,/images/singer-portraits/singer-portrait-sydney-13.webp
singer-portraits,_S4A4549.jpg,singer-portrait-sydney-14,5464x8192,1334x2000,1180,156,282,/images/singer-portraits/singer-portrait-sydney-14.webp
singer-portraits,first concept.4.jpg,singer-portrait-sydney-15,8216x5480,2000x1334,992,415,530,/images/singer-portraits/singer-portrait-sydney-15.webp
singer-portraits,nina.jpg,singer-portrait-sydney-16,5429x5962,1821x2000,877,186,389,/images/singer-portraits/singer-portrait-sydney-16.webp
singer-portraits,z (1).jpg,singer-portrait-sydney-17,3360x2240,2000x1333,328,44,108,/images/singer-portraits/singer-portrait-sydney-17.webp
sports-portraits,6S4A0231.jpg,sports-portrait-sydney-01,4595x4979,1846x2000,789,224,463,/images/sports-portraits/sports-portrait-sydney-01.webp
sports-portraits,6S4A0814.jpg,sports-portrait-sydney-02,8216x5480,2000x1334,3376,312,451,/images/sports-portraits/sports-portrait-sydney-02.webp
sports-portraits,6S4A0822-topaz-denoise-sharpen-faceai.jpg,sports-portrait-sydney-03,5807x4750,2000x1636,5971,217,415,/images/sports-portraits/sports-portrait-sydney-03.webp
sports-portraits,6S4A0836.jpg,sports-portrait-sydney-04,6829x4555,2000x1334,1057,217,394,/images/sports-portraits/sports-portrait-sydney-04.webp
sports-portraits,IMG_5099.jpg,sports-portrait-sydney-05,2552x2680,1904x2000,390,59,215,/images/sports-portraits/sports-portrait-sydney-05.webp
sports-portraits,_S4A7903.jpg,sports-portrait-sydney-06,8192x5464,2000x1334,1527,235,397,/images/sports-portraits/sports-portrait-sydney-06.webp
sports-portraits,first (4).jpg,sports-portrait-sydney-07,3456x3765,1836x2000,397,131,260,/images/sports-portraits/sports-portrait-sydney-07.webp
sports-portraits,third (5).jpg,sports-portrait-sydney-08,2076x2778,1495x2000,386,111,266,/images/sports-portraits/sports-portrait-sydney-08.webp
creative-portraits,_S4A2722.jpg,creative-portrait-sydney-01,5243x7860,1334x2000,1025,123,237,/images/creative-portraits/creative-portrait-sydney-01.webp
